"X","Y"
8.43654749171801,49.0912516156864
8.4327150966678,49.0820169744995
8.42990700596778,49.0753575196916
8.42806241224514,49.0706674349725
8.42858311745568,49.0702418159453
8.42961474302706,49.0693220841274
8.43070580495966,49.0683362848312
8.4317654465644,49.0673527402287
8.43318175723815,49.0660503806363
8.43462600791238,49.0647137862216
8.43535727826301,49.0640150903596
8.43575555446742,49.063634968953
8.43607374884958,49.0632796245291
8.4363400075799,49.0628716983009
8.43678475253644,49.0622519870596
8.43710748021341,49.0616889538875
8.43737031258742,49.0612786696288
8.43768577857728,49.0607636087819
8.43802195819049,49.0602804922586
8.4383434406254,49.0599458382722
8.43925298982392,49.0588113390805
8.43975989321101,49.0582556607318
8.4406053842379,49.0573972470512
8.44109804165601,49.0569009365155
8.44147520855036,49.0565389448446
8.44183816838971,49.0562363170682
8.44216598756806,49.0560157109876
8.44252277639951,49.0562519499269
8.44463691747518,49.0546800793422
8.44523701141508,49.0542114256118
8.44569084068572,49.0538040189671
8.4461483277784,49.0533623638631
8.44774664393975,49.0517373409985
8.44818927654002,49.0512247573052
8.44845715560358,49.0509016926491
8.44890881703098,49.0505367040428
8.44928784266804,49.0502199252967
8.44981558975536,49.049827148936
8.45102478959628,49.0491184948939
8.45284586957719,49.0481101367813
8.45539311770851,49.0467124130451
8.4584156088099,49.0450977312805
8.46053516288455,49.0439724045865
8.4607754463973,49.0439137337734
8.46085971736027,49.0442917898946
8.4608918841749,49.0450238943175
8.46103311990472,49.0450049525855
8.46363573474317,49.0446562283868
8.46373075808344,49.0457162887775
8.4651626038921,49.0455079295578
8.46614661197828,49.0453598932812
8.46613928793789,49.04500862619
8.46614533533675,49.0445843226781
8.46615326201288,49.0443423866652
8.46646271030001,49.044223951316
8.46660254668264,49.0435933583251
8.46638810151156,49.0431294532382
8.46634280777451,49.0431320324359
8.46748569574191,49.0429731149958
8.46787977737811,49.0432281499736
8.4681242032682,49.0428440580237
8.46824433158262,49.0428801262496
8.46846636506775,49.0429404121449
8.46874060169054,49.0429802480506
8.46888636778739,49.0430104965277
8.46902131252083,49.0430932203571
8.46956019555089,49.0434971902343
8.46966344895051,49.0436276872067
8.46968034271133,49.0436848689204
8.47002836737905,49.0433333453102
8.46965577805396,49.0425989688008
8.46989064115564,49.042546542031
8.46962475438322,49.0418503289949
8.46952325926488,49.0414905420519
8.46954200224487,49.041296575006
8.46965913057981,49.0408166670148
8.47058284502154,49.0397039147676
8.4711842989989,49.0394785437888
8.47179436631473,49.0393967250295
8.47197608551598,49.039413739726
8.47244657626443,49.0396614625879
8.47283389684164,49.039973554
8.47315223222557,49.040356898218
8.47423820266457,49.0419964242223
8.47489141823834,49.0417022105538
8.47545065533477,49.0417599598448
8.47554233454276,49.0424847744454
8.4754745889132,49.0426836381867
8.47547070332927,49.0429620164173
8.47539715438255,49.0433482500883
8.47549892081604,49.0438947995884
8.47569759514841,49.044266177155
8.47711138897077,49.0436694905425
8.47736869994421,49.0446738993371
8.47753819041787,49.0453259570799
8.47798572351258,49.046585152876
8.47807909378093,49.0470219604987
8.47801821037953,49.0475330667024
8.47796556627475,49.0477655356055
8.47797902579823,49.0479962435086
8.47809161572646,49.0485177504908
8.47810649056658,49.0489009670224
8.47824778210803,49.0494395062719
8.4785599956463,49.0501169449671
8.47904341840853,49.0509721978745
8.47993594032074,49.0524019968572
8.48031383383887,49.0529903372336
8.48109807599153,49.0542879077099
8.47998410556463,49.0547098331725
8.48044210827213,49.0552934962713
8.48026054687275,49.056711443759
8.48024806165287,49.0570424698267
8.48039551059765,49.0573754754086
8.4806822553886,49.057772238609
8.48064536732879,49.0580690796035
8.48041390214627,49.0583936417005
8.48017858946482,49.0586405811515
8.47989410584908,49.0587734595225
8.4790222036791,49.058921039555
8.47755228086906,49.0598343725323
8.47919447691137,49.0601648706354
8.47939993903565,49.0602489796671
8.48080465546823,49.060551315689
8.48113660089787,49.0607094483846
8.48196902887856,49.0610709775689
8.48233480476905,49.0612529979501
8.48252265273356,49.0612823473053
8.48287317372422,49.0611288077207
8.48364187502735,49.0604448976842
8.48417784045471,49.0598229835223
8.48462344592503,49.0591921985217
8.48480576434027,49.0587626552042
8.48589853746655,49.0582654129944
8.4864261065651,49.0580681409734
8.48660510646663,49.0578392802944
8.48708454328228,49.0572667385494
8.48725944607286,49.0569166432129
8.48732653004071,49.0565532140219
8.48752921915943,49.0561893075123
8.4880850928413,49.0556188010216
8.4885575110485,49.055046221848
8.48905531299568,49.0546266959458
8.48943524247034,49.0542532346005
8.48966921952681,49.0539029470015
8.48990303929122,49.0535275785314
8.4903063481118,49.0530078234738
8.49061138829553,49.0523693863292
8.4908473405462,49.0517837894597
8.49114303577556,49.0513099557708
8.49189377539095,49.0507777831887
8.49264385453436,49.0501609902949
8.4932998913217,49.0495216684722
8.4943261751498,49.0486321791976
8.49581396984249,49.0476340070985
8.49649960718535,49.0472665260227
8.49743640895211,49.0470467989975
8.4979668914105,49.0468441793014
8.49846490142627,49.0464953816152
8.49894369906568,49.045949674793
8.50022782315419,49.044700042761
8.50102103615942,49.0441825671943
8.50521830171305,49.0425448372887
8.50528122673492,49.0425178683867
8.50513033100709,49.042395735892
8.50624401963298,49.0420357886642
8.50638765206392,49.0421716429098
8.50660810086,49.0420658528501
8.50685779081925,49.0412154597713
8.50702716314403,49.0406021168403
8.50754661240703,49.0400370271203
8.50841655114517,49.0381721967368
8.50904060607374,49.0371325867489
8.50923854234469,49.0366976725841
8.50952950788352,49.0363021764117
8.51004932120673,49.0357050702619
8.51046678720869,49.0354338432497
8.51111950002333,49.0350067011772
8.51207019687816,49.0346090439154
8.51365040587987,49.0341518199565
8.51394116525391,49.0335462642023
8.51458884521693,49.0332103506783
8.51565604791685,49.0325246016371
8.51645965819788,49.0319549962702
8.51657521624963,49.0317435438207
8.51696365744653,49.031709107007
8.51699238057746,49.0317790061893
8.51983657608946,49.0310806811587
8.5203204542161,49.0302640568197
8.52045300113522,49.0291638954099
8.52034580090154,49.0289209370963
8.51943536046832,49.0282817708834
8.51937825487006,49.0279500805715
8.52020898689996,49.0272934301682
8.52002068601257,49.0271230617165
8.52078273605367,49.0259838752667
8.52232738144767,49.0250193193394
8.52238784575567,49.0247159134319
8.52242955974093,49.0240718916154
8.52228418520966,49.0229313645168
8.52255887797457,49.0229307922162
8.52216013437087,49.0223644414004
8.5217443643775,49.0217773376322
8.5217512560945,49.0212864928608
8.5216510499613,49.0205003544446
8.52175509285183,49.0197726075676
8.52202037107809,49.0191965021554
8.52182857548607,49.0187524028738
8.52192051930446,49.0183876152058
8.52191123669523,49.0180587414408
8.52187387322938,49.0175059309772
8.52167946289183,49.0174911010735
8.52157507447353,49.0169995157471
8.5215134082309,49.0164442744258
8.52124990862119,49.0154953294016
8.52117890782131,49.0152151985532
8.52084860148076,49.0149615088276
8.5211708677378,49.0148414594626
8.52102161381051,49.0143404307009
8.52035034305033,49.0136331129088
8.51924408540425,49.0127312749746
8.51864357886421,49.0124307818411
8.51687762658788,49.0119862042089
8.51654960443562,49.0118809756363
8.51643364277985,49.0118437964957
8.51529301019978,49.0115783349403
8.51462715137319,49.0113814819248
8.51428856626093,49.0107758827439
8.514048470464,49.0103464002722
8.51370471204678,49.0103155452504
8.51388970980222,49.0098332766011
8.51395328838765,49.0091710960364
8.51394510750855,49.0086067196372
8.51402470727356,49.0082230037159
8.51409034191144,49.007826904867
8.51395265658794,49.0073113510202
8.5139832305821,49.0061354963771
8.5139263061927,49.0059740275206
8.51389372058376,49.0058814509236
8.513175092694,49.005722679409
8.51312416334731,49.005520233251
8.51302379484279,49.0043330310865
8.51275447890812,49.0036387878772
8.51262115378062,49.0031693801814
8.51272385476998,49.0027149035822
8.51277301125379,49.0023698128558
8.51307511459802,49.0017745500916
8.5131322043449,49.001358642827
8.51297441276029,49.0009027965165
8.51261160818569,49.0004780097207
8.51219172766786,49.0001877624471
8.51190625752481,48.9996810259754
8.51161999940622,48.9992428863367
8.5114401175353,48.9989104097148
8.5112472737253,48.9986747162054
8.51107779634858,48.9985647458289
8.51063099187374,48.9984310291591
8.509120342277,48.9980270665924
8.50904043249062,48.9979950798386
8.50873372950772,48.9984160398606
8.5081032761073,48.9982941162317
8.50784697991301,48.9982312500462
8.507671452465,48.998097959064
8.50618764141286,48.9976087486635
8.50626140613458,48.99752911986
8.5026992030002,48.9963124766918
8.5026592790859,48.9962319193062
8.50258545052465,48.9958370239913
8.50269170824493,48.9954723208045
8.50280425799609,48.9952307323762
8.50273663030458,48.9949408073113
8.50249460040026,48.994805422579
8.50203759879636,48.994630626242
8.50130734543654,48.9943293825992
8.50060546199374,48.9939233225825
8.50020102343373,48.9936597252446
8.50023028732083,48.9923044737058
8.50023035570375,48.9922976372884
8.50154122558938,48.9907456976873
8.50248700942968,48.9892953045926
8.50205815559006,48.9890703616308
8.50199619753112,48.9889945664759
8.50274888426231,48.9871714196679
8.50284911144301,48.9868887844281
8.50293910122289,48.9866060150263
8.50303456906084,48.9864443870333
8.50334689910994,48.9861422445628
8.50407894170882,48.9855361787533
8.50464551295527,48.9845181870804
8.50523444995672,48.9833633470197
8.5105453762871,48.9823208841306
8.50894620155548,48.9809930534161
8.50881350077368,48.9810677554685
8.5080705638695,48.9804589730222
8.50802249388404,48.9799303880169
8.50753220632402,48.9778206407778
8.50745790881077,48.9774873388742
8.50748684106962,48.9772957550814
8.50754687287743,48.9771225563015
8.50640866856895,48.9771942995348
8.5062097309344,48.9762581834019
8.50579771207954,48.9755701371799
8.50684102682382,48.9750193421479
8.50722075353113,48.9743415193976
8.50777719365843,48.9739568727599
8.50777051855557,48.9736646908301
8.50813120215075,48.97365624397
8.5081710479678,48.9735076878854
8.50847032675102,48.9729232171337
8.50878657760315,48.9722656197672
8.50887545432486,48.9719369802342
8.50866733568998,48.9719464301151
8.50869277344919,48.9714421761909
8.50870565134795,48.9712162588799
8.50876342347931,48.9709241714014
8.50902670086252,48.9708324924622
8.50915924169429,48.9698108291563
8.50929312577063,48.9681100850019
8.50931535561502,48.9679458099113
8.51009611345266,48.9679514580694
8.51098012794049,48.9680419904354
8.51201630630144,48.9682130866731
8.51320202221009,48.9683323866926
8.51380560777802,48.9683555232717
8.51464276117653,48.9682654390646
8.51489969312827,48.9682196700971
8.51574405182281,48.9680482330008
8.51717967895403,48.9679434682461
8.51754719420721,48.9678880809558
8.51829575495981,48.9677341169803
8.519341767726,48.9673971467227
8.52024947535017,48.9671378995577
8.52061688463473,48.9670940165589
8.52101910778678,48.9670500070717
8.52282468784493,48.966700413963
8.52359748535544,48.9665372502532
8.52653734473647,48.9661652995254
8.52761539439563,48.9660129867247
8.52786773457018,48.9658866944395
8.52713812685103,48.9649525688749
8.52685453731501,48.9642664724308
8.52576082306662,48.962185707108
8.52644202244903,48.9619662123212
8.52755689447417,48.9617228705989
8.52878277402955,48.9614934651788
8.53027469576618,48.9615087163959
8.53144782532996,48.961441098735
8.53310333037823,48.9613405371101
8.53442213598105,48.9612481197904
8.53583484295108,48.9611308952463
8.53660573366773,48.9609959642025
8.53766203058323,48.9606542721878
8.53926644386192,48.9603298737571
8.54020721661123,48.9602365095518
8.54116842718373,48.9601933071285
8.54165820956658,48.9600944571605
8.540091066878,48.9581210088161
8.5393676871203,48.9570453556187
8.53900055226612,48.9564481651761
8.53814224256862,48.9547293908633
8.53780579652377,48.9541079407931
8.53750172446708,48.9535463331227
8.5367088507763,48.9523668877442
8.53367376925478,48.9529708926362
8.53248515521316,48.9531531206723
8.5316982906228,48.9532114327252
8.53089046570033,48.9532469939278
8.53018645095746,48.9532504257654
8.52927044731869,48.9531447247997
8.52814246249668,48.9529617128982
8.5270734523029,48.9527512338926
8.52638944066201,48.9525743421259
8.52595159181454,48.9523993487507
8.52557227940233,48.9522569791114
8.52544525641223,48.9523773952556
8.524819914473,48.9521479485431
8.52354484311766,48.9516571172659
8.52141060238681,48.9505676064441
8.52097167518203,48.9501507931727
8.52005713965405,48.9496023357353
8.51828627948194,48.9490734081368
8.51661410787097,48.9481542537996
8.51608058101871,48.947926583489
8.51618793307116,48.9478373822403
8.51546233993079,48.9475522481238
8.51522555310584,48.9474313939623
8.5151143182602,48.9472728442383
8.51489177615083,48.9467957728385
8.51470823411877,48.9464492493722
8.51446880364148,48.9464608358472
8.51391151942681,48.9460835101415
8.51359713246272,48.945856931404
8.51338742069063,48.9456060641239
8.51359996982478,48.9455509440807
8.51349000494463,48.9453329541928
8.51339951922912,48.9450078710385
8.51333740530577,48.9446555604274
8.51330640815005,48.9441369417253
8.51311588127158,48.9441329081954
8.51302621878184,48.9437643876796
8.51285283761645,48.9435984666318
8.51255748340764,48.9434655750913
8.51178468532123,48.9432850725097
8.51185996476951,48.9431669620618
8.51132971867002,48.9429885621089
8.51082549631249,48.9427328436482
8.51010116465191,48.9425527151918
8.50947377292847,48.9423848598611
8.50928538043439,48.9423741632202
8.50871727822119,48.94242026806
8.50685121042603,48.9426136030062
8.50487798466868,48.9426408270604
8.50391626974068,48.9426485963164
8.49842741699625,48.9425616821371
8.49782720093357,48.9425610676656
8.49631708268812,48.9424853959644
8.49632234126505,48.9424242388038
8.4963297782813,48.9423379480218
8.49546027757088,48.9422763412904
8.49527459005579,48.9422618103976
8.4951022674304,48.9421651614891
8.49480277622436,48.9420755658246
8.49480046192839,48.9420369638998
8.4932861444074,48.941916759081
8.49289424684748,48.9418635721044
8.49256463813353,48.9418060969863
8.49172663977331,48.9415618338934
8.49132786644649,48.9414183748552
8.49077996196445,48.9411819686872
8.49049334910538,48.9413257146202
8.48969343856061,48.9407817043834
8.48955861005364,48.9407580426809
8.48945849119807,48.9407641844752
8.4894079878837,48.9408101001697
8.48924905225713,48.9411883787855
8.48910261861456,48.9418105964913
8.48774882397226,48.9416167428698
8.48685426405581,48.9414441861847
8.48625194296807,48.9413985053196
8.48539189147815,48.9414048276836
8.48492718826583,48.9414077911345
8.4840046669761,48.9414227299826
8.48332831540752,48.9414330160971
8.48275985812911,48.941423631622
8.48164873809063,48.9413272828161
8.47982596376318,48.9410922040445
8.47935243841439,48.9410127400737
8.479308939371,48.9411129903695
8.4776248843036,48.9408767937094
8.47697156714289,48.9407729366862
8.47598194128071,48.9406661182637
8.47541095905661,48.9406132545532
8.47346669690758,48.9405644725214
8.47119993459983,48.9405243358792
8.47048895866607,48.9405297101594
8.46881342741697,48.9405769523255
8.46754654910184,48.9405375659702
8.46750482882149,48.9404299189905
8.4667595822761,48.9404630798916
8.4658630072603,48.9405673754743
8.46555011460569,48.940608098256
8.46541059053726,48.9406480045899
8.46494615336081,48.9406393831843
8.46430388720343,48.9406795637834
8.46325179480549,48.9407618057421
8.46254680574261,48.9408196671986
8.46138805177956,48.9408552648484
8.46096392338844,48.9409064305497
8.46087567516813,48.9409879425279
8.46068086140097,48.9419028813904
8.46061334217003,48.9419868199783
8.46027242124826,48.9420433198754
8.45989362769034,48.9420925257861
8.46071357590147,48.9446575179584
8.46031076498598,48.9446905195372
8.45977153088511,48.9447795361367
8.45892451728485,48.9448247548633
8.45815837622119,48.9448134311356
8.45744078553881,48.9448071794079
8.45689871067025,48.9448666721298
8.45618074075749,48.9448701261968
8.45558404725667,48.9448695604194
8.45507103790584,48.9448306332014
8.45501875362742,48.9448173423371
8.45501237376092,48.9448764772968
8.45502627284029,48.9457572366329
8.45515814552239,48.9463971160448
8.45369235877079,48.9459313186362
8.45297605920482,48.9457680423145
8.45203514199236,48.9455476691208
8.45154357277287,48.945432481074
8.44996207368617,48.9450801071117
8.44850102540898,48.9448242271574
8.44764604090722,48.9446625934016
8.44731273419627,48.9445831205493
8.44725513123444,48.9445693598858
8.44701756377835,48.9443993438059
8.44699594414933,48.9441571732284
8.44693768383188,48.9440929610246
8.44598882655642,48.9445815372061
8.44529453563278,48.944936627536
8.44436372561224,48.9453590143357
8.44368402774975,48.9456524723259
8.44322015365706,48.9458717187514
8.44298360447533,48.9459299217217
8.44258098038017,48.945957653758
8.44205705731465,48.945966536335
8.44108235611092,48.9459503119816
8.44076639631897,48.94598079648
8.44003334800967,48.9460730899904
8.43955364209021,48.9461688679796
8.43928266912551,48.9462040558691
8.43926098164,48.9462747200821
8.43949954075138,48.946659485687
8.4396635279999,48.9468885947665
8.43992436005853,48.9471386752043
8.44011284187965,48.9473382255483
8.4403708504482,48.9475358729698
8.44030952406162,48.948320140334
8.44022641892888,48.9487313108821
8.44064651598759,48.9490852986976
8.44149342735063,48.9493386657748
8.44216341164808,48.9494823674841
8.44307984426972,48.9496854309648
8.44355546770753,48.9498977861579
8.44469758569452,48.9502994809404
8.44483296497457,48.9503908637351
8.44511079806663,48.9506009110046
8.4452288156079,48.9508293320444
8.44528812125147,48.9512198799098
8.44519448559868,48.9514507103283
8.44454932624891,48.9525495938
8.4442232860194,48.9529540194815
8.44403255901448,48.9532235845308
8.44387639543437,48.9535023116399
8.44403620177603,48.9537193397257
8.44427615704174,48.9544890565561
8.44441866226116,48.9548978979524
8.4445610771738,48.9552794006394
8.44458226940583,48.9558916000771
8.44463787685529,48.9561108331923
8.44489484461735,48.9563574649212
8.44515181981578,48.9565309877032
8.44560349904114,48.9567547244962
8.44592284535662,48.9570533611949
8.44581055681762,48.9571693616176
8.44614553451998,48.9576234561942
8.44657956987668,48.9585419263039
8.44654175404519,48.9591336104856
8.44657624724483,48.9594719707295
8.44679172779531,48.9594479151905
8.44685695006625,48.9598230173491
8.44696389939241,48.9601914917349
8.44707836011515,48.9605096438717
8.44749972019721,48.9610099185241
8.44803979445521,48.9614444880959
8.44874609786652,48.9619026897342
8.44954981210774,48.9623568539851
8.45002238528647,48.9626127696352
8.45071429504118,48.9628173098017
8.4511640662175,48.9629359902403
8.45178692591938,48.9631104375363
8.45140170597112,48.9637438936899
8.45110054517995,48.9639822872506
8.45079837656742,48.9643258802716
8.44987318614586,48.9648172984853
8.4495038752977,48.9652655929959
8.44920631165992,48.9654994918755
8.44909721135135,48.965633852852
8.44865603088639,48.9659858619372
8.4483695594714,48.966153540134
8.44814847979343,48.9663741464554
8.44796283018221,48.9665263024987
8.44754101565647,48.966693330887
8.44706709683052,48.9668669537496
8.44656759117114,48.9671547336129
8.44532149265751,48.9678914988637
8.44519039582793,48.9679762918491
8.44422632084177,48.9685757501208
8.44185604382039,48.9700495363944
8.44047346902039,48.9707027740861
8.44041714985572,48.9707317280134
8.44035683917578,48.9707632623131
8.43814580461042,48.9717460563982
8.43791279243503,48.9718549929504
8.43744039394642,48.9717513445173
8.43723873613201,48.9717197845174
8.43652970297586,48.9714900002116
8.43582836133139,48.9712076331717
8.4349264535529,48.9708465925412
8.43368937234955,48.9703536868574
8.43260462569005,48.9698957009306
8.43144052459591,48.9694030399601
8.42971336034661,48.9686790126393
8.42942980819568,48.9685839110633
8.42894555241605,48.968435217432
8.42850008997521,48.9682386857608
8.42700791955925,48.9675980565545
8.42504295907408,48.9667333977036
8.42247987268303,48.9656782322775
8.41567009422785,48.9631185845849
8.41271902726996,48.9620159056884
8.411620592937,48.9616614175205
8.41091628276628,48.961445874353
8.40988666733705,48.9611867700371
8.40928196322785,48.9610382678648
8.40912373846636,48.9609525736867
8.40892856902144,48.9607933117172
8.40885023098388,48.9607081164182
8.40871784204645,48.960528764446
8.40856283418344,48.9602532577834
8.40856354142211,48.9600085861549
8.40843001660826,48.9599024173843
8.40811370101206,48.9597217614954
8.40790693733057,48.9596424734107
8.40765773819333,48.9596062995648
8.40749110243659,48.9596096717829
8.40728986664248,48.959605849305
8.40705058697116,48.9595972520951
8.40689882117765,48.9595435948971
8.40672728619837,48.9594302210191
8.40652833334319,48.9592916166925
8.40642838245373,48.9592565767552
8.40622351551747,48.9592595615019
8.40604603692604,48.9592903038495
8.40594029770004,48.9604328397443
8.40388818482131,48.9601043888737
8.39779150479725,48.9591810640906
8.39285254426943,48.9584206896492
8.38983933022862,48.9579646286841
8.38992293990684,48.9583650400161
8.39066047649298,48.9623440154584
8.38664843890286,48.9650560200936
8.38344021138605,48.9672093559761
8.38374770528664,48.9675148480943
8.38383801374832,48.9676449950623
8.38391441591356,48.9677294772881
8.38403943974143,48.9678688052244
8.38414364544625,48.968035539846
8.3841921859723,48.9681313786849
8.38427201364252,48.9683483411834
8.38450826071131,48.9686064121945
8.38468880802605,48.9687731037975
8.38477561022893,48.9689009823613
8.38484160018535,48.9690768680695
8.38496657176133,48.969309795312
8.38507415538282,48.9694467801645
8.38514015311229,48.9696888473471
8.38512625180249,48.969830393108
8.38508445501268,48.9703647598295
8.38500481420747,48.971276313731
8.38086524298782,48.9741777030858
8.38074818260058,48.9742543211101
8.38053119741717,48.9740512830101
8.38042732008745,48.9741226640189
8.37798164225174,48.9752586087242
8.37715268025072,48.9756599514409
8.37675846004106,48.9758354160427
8.37671205205494,48.9758650221395
8.3764647310666,48.9756735879407
8.37629674927486,48.9755284513854
8.37607403323968,48.9753257337756
8.37593702420748,48.9751944287029
8.37556690180175,48.974380345462
8.37535999656644,48.9740382421976
8.37502038032476,48.9735169263539
8.37494520500564,48.9733676037274
8.37488734884141,48.9731118294459
8.37483969678692,48.9729131973386
8.37470535997695,48.9726891951956
8.37461263910336,48.9725018332235
8.37450983963327,48.9722026535321
8.37430067853417,48.9716817727556
8.37420464545812,48.9714099584872
8.37415649773513,48.9713276831783
8.37270209026241,48.9712854380627
8.36862726575238,48.973557561713
8.36569126114826,48.9750370323276
8.3648274414525,48.9754435823459
8.36467799881471,48.975518737389
8.36387947423162,48.976267522585
8.36325439520225,48.9769318361938
8.36247359036819,48.9771760669677
8.36209875913472,48.9773039292845
8.36101613389526,48.9776281261422
8.35989530803254,48.9779568776222
8.35881596015865,48.9783312501872
8.35809415436964,48.9785527591429
8.35743484822261,48.9788106755812
8.35622714251833,48.9791781918264
8.35573785618798,48.9793014456025
8.35527635972729,48.9793562332052
8.35442616754746,48.9795206254334
8.35319094385851,48.9797420182333
8.35246226193026,48.9798789295557
8.352280308692,48.9799198102272
8.35191568719655,48.9799944600686
8.35079202991952,48.9802168137059
8.3504765613389,48.980292644159
8.34940473700915,48.9805626655894
8.34856982542144,48.9807564089251
8.3475901262668,48.9810010349614
8.34674810053255,48.981246522278
8.34619298812915,48.9814065871499
8.34325720084364,48.9823363345099
8.33979802439299,48.9844988097803
8.33779573199543,48.9857302282228
8.33805936858926,48.9859516955369
8.33641247919998,48.986659265584
8.33650540483964,48.9867605970838
8.33592576107546,48.9869811745646
8.33500999523246,48.987315263297
8.33413800779216,48.987643480344
8.3337629303172,48.9877989469655
8.3334862530339,48.9879420360407
8.3327151279031,48.9883587671242
8.33197433609212,48.9886619268194
8.3319229966417,48.9886802416823
8.3310002947369,48.9890063421717
8.33057840825075,48.9891566783
8.3306506710373,48.9894326184134
8.33063624103676,48.9900924604986
8.33040612326232,48.990766262664
8.33012306569891,48.991485248263
8.32993043225772,48.9917889584116
8.32987332815135,48.9917771212267
8.32954030550841,48.9917077455638
8.32802405518217,48.9906443295843
8.32688637757029,48.9900257820023
8.32538404627268,48.9894175055119
8.32396015398862,48.9889832144295
8.32292345364332,48.9887742725379
8.32069140814013,48.9884701761739
8.32127207789504,48.9862581899903
8.32228490993098,48.9840320255387
8.32163767496343,48.9840059212232
8.32052924501473,48.9838858272904
8.31878292431384,48.9838760687186
8.31771152824089,48.9839663156006
8.31699198971323,48.9839825592699
8.31607182975107,48.9840032766085
8.31546658169283,48.984064258327
8.31535247701384,48.9840757164742
8.31524357286554,48.9840866746279
8.31440605591525,48.9841175755648
8.31351196043419,48.9840405088551
8.31163790438061,48.9840113597696
8.29937721349092,48.991000189447
8.29925605013054,48.9907445327798
8.29877467177341,48.9902861544735
8.29811177806004,48.9888018318571
8.29736106333581,48.9878423027565
8.29672674477465,48.987429024198
8.29651076153904,48.9875332722877
8.29526592015422,48.9867866127156
8.29438589514929,48.9863312672458
8.29389965285428,48.9860394663254
8.29373942275284,48.9857375153217
8.29010176417762,48.9849155222768
8.28926203883213,48.98472574164
8.28892540714414,48.9847347320494
8.2886338942112,48.9845679261514
8.28669007454775,48.9842474062887
8.2842431515882,48.983750817311
8.28171836430123,48.9831520756758
8.28131030578397,48.9830552949876
8.28098678754285,48.9841190314066
8.28033338204912,48.9851871863142
8.28016139108788,48.9853754915679
8.2793682714692,48.9865878972086
8.27916291164953,48.9877632473689
8.27830633633731,48.9887766140542
8.27819024075516,48.9889150877265
8.27740968541429,48.9898459735671
8.27744220522006,48.9898657879336
8.27839171470683,48.9904783127978
8.2793059812718,48.9911096805447
8.28111063285762,48.9924123661255
8.28283339812855,48.9937311561506
8.28365761807403,48.9944152737487
8.28445205338134,48.9951092758315
8.2852385818207,48.9958319196894
8.28595732110148,48.9965547682423
8.28665676438978,48.9972899969414
8.28763090269523,48.9983981708295
8.28906091275858,49.0001206746769
8.2892495135583,49.0003853210509
8.2898259571636,49.0011625017545
8.29042308289785,49.0019383673311
8.29100113924302,49.0027200496738
8.29153772152856,49.0035061520999
8.29157725986685,49.0035623481614
8.29246105549721,49.0048191637222
8.29269615117468,49.0051535361327
8.29321753485929,49.005954470033
8.29373865340167,49.0067656549178
8.29424257606894,49.0075756526455
8.29471871947553,49.0083785515488
8.29486692136231,49.008632326403
8.29520832345657,49.009217063576
8.29565805885172,49.0100426460846
8.29610073767046,49.0108751103365
8.29651375182688,49.011717557022
8.2969197400013,49.012564637034
8.2973169014777,49.0134276740472
8.29766924945396,49.0142594016594
8.29802114975344,49.0151140643362
8.29835924865787,49.0159687318309
8.29867634193615,49.0168299273276
8.29898132132235,49.0176877198116
8.29929147635207,49.0185477916978
8.29957368605732,49.0194214563677
8.2996422754947,49.0196507227725
8.29983328329713,49.0202892257605
8.30008762793023,49.0211615503613
8.30025443754374,49.0218195162623
8.30030900471552,49.0220347538362
8.30053191815483,49.0229159722085
8.30072293493575,49.0237898001761
8.30090545975839,49.0246551203082
8.30106736753019,49.0255376767796
8.30122556206292,49.0264318148076
8.3012487237137,49.0265947766528
8.30135080518758,49.0273154079566
8.30148279528189,49.0282254889267
8.30161159564913,49.0291194480536
8.30174882698968,49.0300271313156
8.30189492997386,49.0309268617983
8.30205494473325,49.0318300044864
8.30222540241464,49.0327205260726
8.30240970780975,49.0336191371085
8.30261342418491,49.0345291995361
8.30270738286021,49.0349133420457
8.30283433032048,49.0354335181276
8.30306742581235,49.0363081341515
8.30314482995699,49.0365947532892
8.30318879861795,49.0367577501328
8.30321091421036,49.0368396541433
8.30323212622653,49.0369176845626
8.30324877357159,49.0369796751574
8.30326555776799,49.0370416665753
8.30328689294383,49.0371206872467
8.30331109104767,49.0372102501087
8.30358263731654,49.0381054270966
8.30364701013935,49.0382967931914
8.30387676660465,49.0389812189665
8.30417260439819,49.0398627774552
8.30449465051309,49.040739815258
8.30473006492877,49.0412948257945
8.30537975893628,49.0428073974981
8.30601373662065,49.0442032870981
8.30642460642512,49.0450739262432
8.30649007437427,49.0452076350385
8.3072763548406,49.0468154697813
8.30818732604212,49.0485144522924
8.30942416813606,49.0506518453569
8.30985771686189,49.051355468101
8.31078465276957,49.0528326019433
8.31135423088234,49.0536689968224
8.31250935348818,49.0553394439974
8.31305927904329,49.0560764912681
8.31310685235281,49.0561403734494
8.31397443181908,49.0572891467112
8.31570087872959,49.0594023910009
8.31636143826195,49.0601937816037
8.31703082199992,49.06099205717
8.31772979646128,49.0617802486488
8.31844787882295,49.0625742158271
8.31888413341245,49.0630465418147
8.31916107855625,49.0633464701819
8.31990919444445,49.0641097502287
8.32067819973726,49.0648788154774
8.32145252236704,49.0656411600259
8.32306589753034,49.0671225841448
8.3241552782826,49.0680894283993
8.32473170853874,49.0686009636185
8.32555877665532,49.0693189703851
8.32682303394581,49.0703914294531
8.32816030066557,49.0714654688233
8.32990457207917,49.0728127132727
8.33163621245936,49.0740776381124
8.33175343285412,49.0741582875989
8.3327013983528,49.0748197301827
8.33347911951882,49.0753429992386
8.33627031360003,49.0772494152273
8.3383494823672,49.078714408402
8.33932831735388,49.0794361531455
8.34003676043851,49.0799587109729
8.34069490512861,49.0804440952369
8.34115607828851,49.0789981620358
8.34115626414618,49.0789975693887
8.34128966203962,49.0790674347675
8.34136751965173,49.0791082062326
8.34183392568075,49.077747766885
8.34204314370978,49.0773177926235
8.34261813663868,49.0762927392074
8.34362985240668,49.0750512146575
8.34446653829049,49.0741784415542
8.34590461018723,49.0728248486314
8.34683412720877,49.0718698517788
8.34750329485505,49.0711352069824
8.3475654195478,49.0709998687369
8.34765153754999,49.0707887702962
8.34768801095979,49.0703966608625
8.34768372409555,49.0702430459612
8.34765502933327,49.0700619645072
8.34758325849976,49.0699198513284
8.34727203119341,49.0694295502048
8.34685478395565,49.0689050227627
8.34656702797684,49.0685155670955
8.34616351122754,49.0679474141975
8.34547237379603,49.0670013164246
8.3452126172895,49.0666164238451
8.34508211384173,49.0662794730364
8.34500307977983,49.066055564957
8.34612447142373,49.0656339040524
8.34636597820504,49.0651245290586
8.34693268421404,49.065080798063
8.3476140463936,49.0647240629652
8.34812008422436,49.0646209091171
8.3487023399545,49.0645275296038
8.34946429872458,49.0644949629107
8.35034308694724,49.064527331395
8.35129832185806,49.0645648095902
8.35199190541233,49.064654937619
8.35288883473828,49.0648403496701
8.35367600814304,49.0651321427607
8.3545929504355,49.0655482106774
8.3554838699097,49.0660531463306
8.35589145930188,49.0663874040346
8.35635169848039,49.0668728459492
8.35668054345337,49.0673297662999
8.35681746156355,49.0676321155409
8.35690174743056,49.0679615179434
8.35702744969088,49.0684967002004
8.35694989760838,49.0687380695667
8.35676200686519,49.0693094478299
8.35661086245788,49.0695889798566
8.35625082381106,49.0700745241116
8.35584397704497,49.0704523447165
8.35559634421892,49.0706786406886
8.35538823642557,49.070843564102
8.35510383406868,49.0709918688204
8.35778932877756,49.0710982916335
8.35840637286363,49.0710073956008
8.35939791201728,49.0707849549888
8.35985584151953,49.0706471285804
8.36032448242447,49.0703039815204
8.36125872190167,49.0699805827281
8.3613970843724,49.0699593181688
8.3615132223899,49.0699415287365
8.36213014176153,49.0698597876127
8.36238033940131,49.0698787024683
8.36247321019249,49.0698944989843
8.36313125446792,49.0700527929612
8.36353732017341,49.0700948743113
8.36409581876508,49.0701610747359
8.36472070593849,49.0702048880511
8.36537399282516,49.0702216065148
8.36605214968734,49.070208790447
8.36641073379701,49.0701865703106
8.36717091605137,49.070062598704
8.36912894383076,49.0697166967948
8.36948199938037,49.0696008288562
8.36989897959772,49.0694078928392
8.37023068266525,49.0691298685774
8.37027489775495,49.0690524149598
8.37044772140742,49.0690002208389
8.37064090694632,49.0688967816979
8.37121940504611,49.0686786433187
8.37145302879503,49.0685905356929
8.37256712112798,49.068115522553
8.3728543958898,49.0679946089729
8.37306387343292,49.0679437705238
8.3732959409145,49.067935324614
8.37348718377555,49.0679202607793
8.37370512228731,49.067903101589
8.37380483596022,49.0681478637703
8.37400900966621,49.0685736708712
8.37428123987102,49.069269147333
8.3743283121872,49.0693561739116
8.38180241453351,49.069205273967
8.3863220896227,49.0690835300377
8.38639158466787,49.0690857885911
8.38645562694029,49.0690861290449
8.3865536080722,49.0690865598958
8.38679222276635,49.0691470907597
8.38993498649159,49.0690794835104
8.38993515501586,49.0689427156031
8.39367475932394,49.0688389569537
8.39398881162178,49.0688302614075
8.39406304103357,49.0681054454706
8.39465205033611,49.0680834475411
8.39480246812468,49.0687588238774
8.39713407889953,49.0680440123777
8.39838887291903,49.0676482594061
8.3999789158565,49.0670715089006
8.40085764937567,49.0667402238037
8.40222793970533,49.0662931420636
8.402763689427,49.0666600926804
8.403503246313,49.0663713988999
8.4038620471085,49.0661900037021
8.4043510468454,49.0659117043226
8.40484091101455,49.065537640358
8.40534778611887,49.0651932574105
8.40586467895994,49.0649036709107
8.4065347159834,49.0645897000076
8.40730863599514,49.0643194195278
8.40839349195599,49.0638612721004
8.40924149505217,49.0634567394529
8.40991531470666,49.0630857632384
8.41651896962794,49.071027978056
8.4106086483117,49.0727971705923
8.41149594765071,49.0812683845755
8.41327622218072,49.0816963796098
8.41403418026564,49.0818944529034
8.41433675364017,49.0819718840152
8.41476786963621,49.0820605718917
8.41520590161906,49.0821447054611
8.41572400488912,49.0822173775673
8.41738594454088,49.082597411385
8.41773388379378,49.0827182232035
8.4182730737178,49.0829666913379
8.4183360516589,49.0830948804821
8.41843248656551,49.0832183715687
8.42019297466801,49.0858980246016
8.4234720706918,49.0906274116693
8.42450352824487,49.0905137726025
8.42656056538457,49.0903912806298
8.42993519869092,49.0902746458236
8.4311236383423,49.0902127094816
8.43132830865621,49.0902499519892
8.4317713959456,49.0903307190063
8.43490948208365,49.0910046061983
8.43570521784149,49.0911754740404
8.43616167361471,49.0912624154837
8.43637382944905,49.09126830017
8.43654749171801,49.0912516156864
